employee_id,role,salaire_brut,cot_salariale,cot_patronale,net_imposable,pas,net_paye,avantages,total_cost,month
00001,Founder,1829.04,412.87,479.93,1416.16,0.0,1416.16,50.24,2359.21,2023-01
00001,Founder,1833.68,434.93,539.72,1398.75,0.0,1398.75,92.12,2465.52,2023-02
00001,Founder,1818.82,331.19,563.75,1487.63,0.0,1487.63,130.41,2512.99,2023-03
00001,Founder,1798.6,421.39,580.5,1377.21,0.0,1377.21,149.17,2528.27,2023-04
00001,Founder,1743.64,354.15,620.9,1389.5,0.0,1389.5,32.86,2397.4,2023-05
00001,Founder,1778.16,418.98,690.54,1359.18,0.0,1359.18,72.6,2541.31,2023-06
00001,Founder,1815.44,351.02,567.42,1464.42,0.0,1464.42,77.5,2460.36,2023-07
00001,Founder,1831.98,419.93,516.04,1412.05,0.0,1412.05,112.6,2460.62,2023-08
00001,Founder,1795.74,407.69,483.6,1388.05,0.0,1388.05,96.7,2376.05,2023-09
00001,Founder,1809.5,328.95,533.08,1480.55,0.0,1480.55,54.82,2397.41,2023-10
00001,Founder,1784.94,426.87,470.28,1358.08,0.0,1358.08,29.49,2284.71,2023-11
00001,Founder,1763.68,403.67,590.87,1360.01,0.0,1360.01,38.09,2392.64,2023-12
00001,Founder,1713.35,399.97,440.56,1313.38,0.0,1313.38,115.51,2269.42,2024-01
00001,Founder,1747.6,355.36,662.2,1392.24,0.0,1392.24,144.04,2553.85,2024-02
00001,Founder,1770.39,334.72,452.23,1435.67,0.0,1435.67,94.33,2316.96,2024-03
00001,Founder,1771.39,338.9,464.7,1432.49,0.0,1432.49,19.38,2255.47,2024-04
00001,Founder,1785.1,392.26,618.9,1392.85,0.0,1392.85,141.99,2546.0,2024-05
00001,Founder,1775.89,425.05,531.54,1350.84,0.0,1350.84,61.72,2369.15,2024-06
00001,Founder,1760.28,334.43,516.07,1425.85,0.0,1425.85,64.36,2340.71,2024-07
00001,Founder,1778.22,375.31,570.54,1402.9,0.0,1402.9,136.0,2484.76,2024-08
00001,Founder,1773.02,413.59,735.83,1359.42,0.0,1359.42,146.29,2655.14,2024-09
00001,Founder,1759.49,329.62,725.74,1429.87,0.0,1429.87,89.83,2575.05,2024-10
00001,Founder,1766.97,395.06,553.11,1371.9,0.0,1371.9,42.36,2362.43,2024-11
00001,Founder,1786.53,385.9,633.17,1400.63,0.0,1400.63,0.59,2420.29,2024-12
00002,Founder,2367.15,532.2,757.11,1834.95,55.12,1779.83,134.64,3258.9,2023-01
00002,Founder,2363.19,435.08,615.93,1928.1,124.89,1803.21,74.22,3053.34,2023-02
00002,Founder,2353.24,527.3,875.74,1825.94,90.51,1735.43,107.08,3336.06,2023-03
00002,Founder,2403.08,506.42,750.65,1896.66,90.96,1805.69,107.44,3261.17,2023-04
00002,Founder,2395.6,445.92,599.59,1949.68,134.68,1815.0,62.37,3057.56,2023-05
00002,Founder,2408.38,436.82,935.93,1971.56,87.6,1883.95,126.93,3471.24,2023-06
00002,Founder,2416.52,541.87,668.26,1874.66,80.79,1793.86,52.18,3136.96,2023-07
00002,Founder,2426.96,573.54,826.85,1853.41,56.73,1796.68,90.33,3344.13,2023-08
00002,Founder,2435.0,568.36,879.44,1866.63,111.42,1755.22,20.51,3334.95,2023-09
00002,Founder,2397.56,553.1,733.24,1844.46,58.2,1786.25,35.93,3166.73,2023-10
00002,Founder,2385.52,465.91,936.37,1919.62,88.6,1831.02,86.89,3408.78,2023-11
00002,Founder,2425.03,523.27,813.44,1901.75,66.11,1835.65,135.63,3374.1,2023-12
00002,Founder,2415.84,512.14,661.55,1903.7,130.87,1772.82,5.64,3083.04,2024-01
00002,Founder,2438.33,541.84,724.3,1896.49,126.23,1770.27,121.56,3284.2,2024-02
00002,Founder,2468.59,533.43,941.81,1935.17,99.46,1835.71,27.12,3437.53,2024-03
00002,Founder,2484.2,453.85,1027.08,2030.35,65.58,1964.77,89.25,3600.53,2024-04
00002,Founder,2477.81,529.71,724.29,1948.1,125.91,1822.19,72.93,3275.02,2024-05
00002,Founder,2492.73,520.96,660.88,1971.77,130.22,1841.55,27.94,3181.55,2024-06
00002,Founder,2494.23,531.87,771.44,1962.36,105.38,1856.98,116.73,3382.39,2024-07
00002,Founder,2484.14,586.05,754.57,1898.08,132.2,1765.88,45.75,3284.46,2024-08
00002,Founder,2485.8,499.73,1004.69,1986.07,99.13,1886.94,113.57,3604.06,2024-09
00002,Founder,2488.47,522.77,849.72,1965.69,102.28,1863.42,60.28,3398.46,2024-10
00002,Founder,2458.2,574.39,654.57,1883.81,105.0,1778.81,143.57,3256.34,2024-11
00002,Founder,2482.56,568.87,775.13,1913.69,128.64,1785.05,138.81,3396.51,2024-12
00003,Founder,1959.68,377.21,580.9,1582.47,104.52,1477.94,26.64,2567.22,2023-01
00003,Founder,1971.9,392.13,785.1,1579.77,62.59,1517.19,137.32,2894.31,2023-02
00003,Founder,1977.9,411.44,597.97,1566.46,63.57,1502.88,22.07,2597.94,2023-03
00003,Founder,1983.22,456.73,771.76,1526.49,58.54,1467.95,77.51,2832.49,2023-04
00003,Founder,2008.22,456.88,615.57,1551.34,53.24,1498.1,133.02,2756.81,2023-05
00003,Founder,2035.87,455.67,586.2,1580.2,75.84,1504.36,124.22,2746.29,2023-06
00003,Founder,2005.29,443.1,709.73,1562.2,64.39,1497.81,119.72,2834.74,2023-07
00003,Founder,2016.17,469.31,678.74,1546.85,89.01,1457.84,25.4,2720.31,2023-08
00003,Founder,2038.82,417.66,732.93,1621.16,85.1,1536.06,105.23,2876.98,2023-09
00003,Founder,2049.21,466.39,706.74,1582.82,95.59,1487.23,27.71,2783.66,2023-10
00003,Founder,1999.93,448.47,607.75,1551.46,67.72,1483.74,89.83,2697.51,2023-11
00003,Founder,2015.82,459.14,616.26,1556.67,65.6,1491.07,116.42,2748.5,2023-12
00003,Founder,1997.86,380.04,618.47,1617.82,75.47,1542.35,29.03,2645.36,2024-01
00003,Founder,2007.46,467.25,820.34,1540.21,61.22,1478.99,64.76,2892.56,2024-02
00003,Founder,2017.61,370.4,742.61,1647.22,60.96,1586.26,141.29,2901.52,2024-03
00003,Founder,2022.57,450.29,626.78,1572.28,53.01,1519.28,100.35,2749.7,2024-04
00003,Founder,2026.11,460.6,697.46,1565.5,107.48,1458.03,131.4,2854.96,2024-05
00003,Founder,2048.54,416.17,681.74,1632.37,103.72,1528.65,130.87,2861.16,2024-06
00003,Founder,2066.25,417.56,622.07,1648.69,77.52,1571.17,126.58,2814.89,2024-07
00003,Founder,2028.87,368.14,622.53,1660.73,104.18,1556.54,9.88,2661.27,2024-08
00003,Founder,2028.23,428.61,719.19,1599.62,95.64,1503.98,11.07,2758.48,2024-09
00003,Founder,2046.24,416.25,662.89,1629.99,81.94,1548.05,4.78,2713.91,2024-10
00003,Founder,2045.21,484.1,687.02,1561.11,63.62,1497.5,4.65,2736.88,2024-11
00003,Founder,2040.42,399.42,763.91,1641.0,85.34,1555.66,42.54,2846.87,2024-12
00004,Engineer,2214.05,423.05,747.56,1790.99,62.64,1728.35,80.51,3042.12,2023-01
00004,Engineer,2238.53,443.58,624.88,1794.96,61.52,1733.44,113.52,2976.93,2023-02
00004,Engineer,2266.02,481.96,622.92,1784.05,106.9,1677.16,73.67,2962.61,2023-03
00004,Engineer,2228.17,519.23,823.57,1708.95,53.17,1655.78,89.79,3141.54,2023-04
00004,Engineer,2197.49,445.22,842.93,1752.27,80.59,1671.68,93.93,3134.35,2023-05
00004,Engineer,2380.77,477.8,938.39,1902.96,64.29,1838.67,2.12,3321.28,2023-06
00004,Engineer,2389.3,569.17,659.63,1820.13,107.03,1713.1,145.07,3194.0,2023-07
00004,Engineer,2430.47,441.56,663.62,1988.91,62.69,1926.22,126.11,3220.2,2023-08
00004,Engineer,2452.38,487.94,946.21,1964.44,94.46,1869.98,71.16,3469.75,2023-09
00004,Engineer,2459.25,505.34,998.01,1953.91,61.56,1892.35,136.63,3593.89,2023-10
00004,Engineer,2429.13,517.4,760.25,1911.73,96.25,1815.47,43.22,3232.6,2023-11
00004,Engineer,2374.68,440.3,845.35,1934.38,90.02,1844.36,129.74,3349.77,2023-12
00004,Engineer,2402.02,455.57,827.05,1946.45,89.12,1857.33,112.67,3341.74,2024-01
00004,Engineer,2344.11,535.16,611.07,1808.95,109.15,1699.81,11.52,2966.7,2024-02
00004,Engineer,2315.0,532.11,858.04,1782.89,110.24,1672.65,133.77,3306.81,2024-03
00004,Engineer,2271.56,439.25,870.05,1832.3,70.57,1761.74,144.34,3285.95,2024-04
00004,Engineer,2322.13,537.77,928.24,1784.35,56.12,1728.24,29.05,3279.41,2024-05
00004,Engineer,2303.8,438.69,753.44,1865.11,91.17,1773.95,74.47,3131.71,2024-06
00004,Engineer,2309.07,428.83,645.99,1880.24,111.71,1768.53,122.5,3077.57,2024-07
00004,Engineer,2328.6,456.54,884.44,1872.06,127.61,1744.45,52.89,3265.93,2024-08
00004,Engineer,2368.27,544.42,647.91,1823.85,83.82,1740.03,91.88,3108.06,2024-09
00004,Engineer,2338.74,469.29,696.68,1869.45,111.21,1758.24,90.02,3125.44,2024-10
00004,Engineer,2384.35,554.08,911.93,1830.27,76.8,1753.47,107.89,3404.16,2024-11
00004,Engineer,2420.58,539.46,725.77,1881.12,102.28,1778.84,132.71,3279.06,2024-12
00005,Engineer,2312.9,466.86,917.79,1846.04,111.57,1734.48,45.63,3276.32,2023-01
00005,Engineer,2280.77,424.48,859.82,1856.29,57.16,1799.13,33.7,3174.29,2023-02
00005,Engineer,2280.76,535.17,579.56,1745.59,118.88,1626.71,148.07,3008.39,2023-03
00005,Engineer,2528.6,575.25,700.53,1953.36,61.96,1891.39,145.16,3374.3,2023-04
00005,Engineer,2536.44,476.96,684.31,2059.48,130.45,1929.03,127.76,3348.51,2023-05
00005,Engineer,2542.67,486.66,648.13,2056.01,74.7,1981.31,25.03,3215.83,2023-06
00005,Engineer,2570.55,601.23,1029.79,1969.32,59.76,1909.56,39.11,3639.45,2023-07
00005,Engineer,2558.89,592.97,654.31,1965.92,94.73,1871.19,58.87,3272.07,2023-08
00005,Engineer,2580.49,549.77,1051.42,2030.72,102.37,1928.34,49.64,3681.55,2023-09
00005,Engineer,2623.44,597.77,898.53,2025.67,140.21,1885.46,147.06,3669.03,2023-10
00005,Engineer,2598.36,498.77,978.23,2099.6,70.42,2029.18,95.51,3672.1,2023-11
00005,Engineer,2562.14,494.85,963.18,2067.29,86.15,1981.14,34.13,3559.45,2023-12
00005,Engineer,2537.28,585.88,850.48,1951.39,130.47,1820.92,142.09,3529.85,2024-01
00005,Engineer,2555.45,514.06,730.62,2041.4,86.45,1954.95,81.07,3367.14,2024-02
00005,Engineer,2581.84,480.51,995.48,2101.33,80.52,2020.81,4.93,3582.24,2024-03
00005,Engineer,2572.66,589.57,737.28,1983.09,95.89,1887.2,106.66,3416.6,2024-04
00005,Engineer,2558.49,490.07,1010.56,2068.41,91.78,1976.63,0.48,3569.53,2024-05
00005,Engineer,2582.42,546.99,906.52,2035.43,121.5,1913.93,135.29,3624.22,2024-06
00005,Engineer,2549.07,601.48,691.3,1947.59,126.12,1821.47,3.58,3243.95,2024-07
00005,Engineer,2519.42,488.91,681.63,2030.51,78.07,1952.44,13.81,3214.87,2024-08
00005,Engineer,2485.61,470.92,996.08,2014.68,107.45,1907.23,63.88,3545.56,2024-09
00005,Engineer,2497.79,479.38,934.78,2018.41,109.64,1908.77,64.34,3496.91,2024-10
00005,Engineer,2468.4,466.81,968.54,2001.59,91.42,1910.18,41.86,3478.8,2024-11
00005,Engineer,2483.43,504.54,734.96,1978.9,121.25,1857.65,127.49,3345.89,2024-12
00006,Engineer,3309.52,683.45,914.58,2626.07,226.9,2399.17,51.42,4275.52,2023-01
00006,Engineer,3362.0,742.13,926.74,2619.88,280.3,2339.58,72.78,4361.53,2023-02
00006,Engineer,3329.19,659.49,890.61,2669.7,259.13,2410.57,104.0,4323.8,2023-03
00006,Engineer,3350.92,746.77,1143.09,2604.15,274.13,2330.02,102.33,4596.34,2023-04
00006,Engineer,3357.29,658.34,1121.92,2698.95,280.46,2418.49,9.83,4489.03,2023-05
00006,Engineer,3356.17,717.3,1377.91,2638.86,255.16,2383.71,40.74,4774.82,2023-06
00006,Engineer,3370.1,636.63,996.2,2733.47,278.58,2454.89,44.64,4410.94,2023-07
00006,Engineer,3422.04,774.07,1008.76,2647.96,194.85,2453.11,42.94,4473.73,2023-08
00006,Engineer,3471.04,784.08,1350.87,2686.97,290.14,2396.82,61.46,4883.37,2023-09
00006,Engineer,3471.74,778.97,1409.77,2692.77,211.34,2481.43,101.41,4982.92,2023-10
00006,Engineer,3471.18,671.54,1094.88,2799.64,224.72,2574.92,53.12,4619.17,2023-11
00006,Engineer,3494.1,825.77,1307.81,2668.33,230.28,2438.06,103.33,4905.25,2023-12
00006,Engineer,3511.18,761.08,1181.4,2750.1,290.06,2460.04,148.74,4841.33,2024-01
00006,Engineer,3537.88,705.12,996.07,2832.77,302.44,2530.33,56.29,4590.24,2024-02
00006,Engineer,3567.66,791.17,1256.4,2776.49,229.34,2547.15,36.41,4860.47,2024-03
00006,Engineer,3595.91,670.48,1376.95,2925.42,205.45,2719.97,149.88,5122.74,2024-04
00006,Engineer,3528.17,824.72,1468.18,2703.45,192.82,2510.64,142.51,5138.86,2024-05
00006,Engineer,3531.74,828.04,1443.57,2703.7,229.54,2474.16,40.32,5015.63,2024-06
00006,Engineer,3564.57,685.95,1307.1,2878.63,265.14,2613.49,127.0,4998.67,2024-07
00006,Engineer,3626.74,840.48,1439.9,2786.26,218.68,2567.58,40.93,5107.57,2024-08
00006,Engineer,3666.46,791.07,1297.05,2875.39,209.8,2665.59,90.17,5053.68,2024-09
00006,Engineer,3690.24,864.46,1202.31,2825.79,259.59,2566.2,74.98,4967.54,2024-10
00006,Engineer,3713.54,707.6,1491.1,3005.94,214.29,2791.65,71.43,5276.07,2024-11
00006,Engineer,3729.45,701.41,996.9,3028.04,240.07,2787.97,68.3,4794.66,2024-12
00007,Engineer,2262.69,517.99,687.15,1744.7,64.73,1679.97,128.67,3078.51,2023-01
00007,Engineer,2234.12,457.6,830.74,1776.53,60.7,1715.82,117.67,3182.53,2023-02
00007,Engineer,2234.57,525.19,559.29,1709.39,102.34,1607.04,37.15,2831.01,2023-03
00007,Engineer,2230.48,502.08,793.03,1728.41,67.28,1661.13,42.32,3065.84,2023-04
00007,Engineer,2275.2,515.91,818.87,1759.3,109.15,1650.15,49.73,3143.8,2023-05
00007,Engineer,2301.18,530.21,619.78,1770.97,77.69,1693.28,34.07,2955.03,2023-06
00007,Engineer,2308.28,521.9,807.97,1786.38,62.57,1723.82,81.74,3197.98,2023-07
00007,Engineer,2322.01,507.81,806.11,1814.21,100.53,1713.67,111.74,3239.87,2023-08
00007,Engineer,2326.33,430.85,629.17,1895.48,131.5,1763.98,98.06,3053.55,2023-09
00007,Engineer,2293.28,545.85,921.01,1747.44,119.14,1628.3,100.73,3315.02,2023-10
00007,Engineer,2299.92,500.57,719.73,1799.35,93.56,1705.79,27.09,3046.74,2023-11
00007,Engineer,2327.09,452.96,675.43,1874.13,64.13,1810.0,133.36,3135.88,2023-12
00007,Engineer,2358.74,499.32,590.76,1859.42,95.54,1763.88,58.36,3007.85,2024-01
00007,Engineer,2378.3,488.86,598.38,1889.44,127.7,1761.74,84.71,3061.4,2024-02
00007,Engineer,2348.79,492.42,952.02,1856.37,85.08,1771.3,129.96,3430.77,2024-03
00007,Engineer,2343.59,491.14,628.04,1852.45,76.34,1776.12,66.65,3038.29,2024-04
00007,Engineer,2348.26,476.2,915.43,1872.06,72.79,1799.28,52.55,3316.24,2024-05
00007,Engineer,2316.43,460.3,801.22,1856.13,120.12,1736.01,95.78,3213.43,2024-06
00007,Engineer,2356.14,452.31,787.77,1903.83,120.2,1783.63,144.37,3288.29,2024-07
00007,Engineer,2364.1,522.37,678.52,1841.73,101.93,1739.8,31.8,3074.42,2024-08
00007,Engineer,2323.36,512.94,664.23,1810.43,96.45,1713.97,43.24,3030.84,2024-09
00007,Engineer,2378.71,558.99,707.11,1819.72,78.22,1741.5,98.97,3184.79,2024-10
00007,Engineer,2430.98,540.43,891.5,1890.55,108.42,1782.13,58.68,3381.16,2024-11
00007,Engineer,2437.64,550.07,679.1,1887.56,119.01,1768.56,27.7,3144.44,2024-12
00008,Engineer,3055.74,675.59,1052.45,2380.15,122.67,2257.48,54.73,4162.93,2023-01
00008,Engineer,3016.05,612.57,1013.53,2403.48,116.41,2287.07,77.91,4107.49,2023-02
00008,Engineer,3007.97,642.92,1087.5,2365.05,156.44,2208.6,19.16,4114.62,2023-03
00008,Engineer,3000.01,715.32,952.82,2284.68,82.08,2202.61,92.72,4045.54,2023-04
00008,Engineer,2965.6,664.98,784.34,2300.62,89.21,2211.41,12.44,3762.38,2023-05
00008,Engineer,3011.04,650.09,769.79,2360.95,144.11,2216.85,115.45,3896.28,2023-06
00008,Engineer,3022.26,676.48,917.32,2345.78,71.0,2274.78,84.89,4024.47,2023-07
00008,Engineer,3046.12,607.57,916.92,2438.55,96.19,2342.35,76.14,4039.17,2023-08
00008,Engineer,3035.57,673.5,1028.48,2362.07,100.13,2261.94,75.69,4139.74,2023-09
00008,Engineer,3023.75,626.43,845.77,2397.33,141.83,2255.5,64.2,3933.72,2023-10
00008,Engineer,3071.4,601.02,983.93,2470.39,103.34,2367.05,60.79,4116.13,2023-11
00008,Engineer,3131.63,624.38,1010.25,2507.25,214.52,2292.73,76.83,4218.71,2023-12
00008,Engineer,3157.75,578.95,1069.6,2578.8,243.06,2335.74,59.51,4286.86,2024-01
00008,Engineer,3106.39,629.44,887.46,2476.95,125.74,2351.22,92.91,4086.77,2024-02
00008,Engineer,3132.86,666.36,981.08,2466.5,126.25,2340.25,72.44,4186.37,2024-03
00008,Engineer,3163.9,714.47,1221.14,2449.43,104.03,2345.41,71.99,4457.04,2024-04
00008,Engineer,3216.22,603.57,1342.95,2612.65,260.68,2351.98,57.45,4616.61,2024-05
00008,Engineer,3200.74,728.1,1006.32,2472.65,83.92,2388.72,130.01,4337.08,2024-06
00008,Engineer,3203.86,645.96,960.26,2557.9,253.31,2304.59,96.89,4261.0,2024-07
00008,Engineer,3207.93,609.92,1160.36,2598.0,279.92,2318.09,133.75,4502.04,2024-08
00008,Engineer,3273.45,733.4,1033.66,2540.05,204.23,2335.83,118.32,4425.42,2024-09
00008,Engineer,3259.23,701.99,1110.58,2557.24,236.18,2321.06,77.66,4447.47,2024-10
00008,Engineer,3249.56,632.19,826.31,2617.38,209.25,2408.13,145.69,4221.56,2024-11
00008,Engineer,3443.13,777.88,886.37,2665.24,237.12,2428.13,45.17,4374.67,2024-12
00009,Engineer,3261.0,763.22,913.9,2497.79,93.0,2404.79,64.57,4239.47,2023-01
00009,Engineer,3280.17,753.39,1309.36,2526.78,179.19,2347.59,109.9,4699.42,2023-02
00009,Engineer,3606.32,761.1,1511.99,2845.22,257.18,2588.04,98.26,5216.57,2023-03
00009,Engineer,3606.89,791.04,1435.32,2815.85,273.62,2542.23,106.42,5148.64,2023-04
00009,Engineer,3588.41,688.95,1410.26,2899.46,222.48,2676.98,59.09,5057.76,2023-05
00009,Engineer,3555.73,816.32,1121.6,2739.41,275.06,2464.35,111.36,4788.7,2023-06
00009,Engineer,3780.33,847.62,1150.64,2932.71,226.75,2705.96,67.3,4998.28,2023-07
00009,Engineer,3795.2,893.35,1572.2,2901.85,236.96,2664.89,1.46,5368.86,2023-08
00009,Engineer,4436.82,941.15,1537.32,3495.67,278.51,3217.16,71.48,6045.62,2023-09
00009,Engineer,4404.07,919.31,1599.86,3484.75,251.8,3232.95,2.05,6005.97,2023-10
00009,Engineer,4471.75,960.07,1770.51,3511.68,414.95,3096.74,124.29,6366.55,2023-11
00009,Engineer,4534.32,867.76,1781.64,3666.56,435.12,3231.44,96.58,6412.54,2023-12
00009,Engineer,4545.98,979.42,1500.77,3566.57,409.1,3157.47,34.51,6081.27,2024-01
00009,Engineer,4546.21,940.09,1181.77,3606.13,497.63,3108.5,58.08,5786.06,2024-02
00009,Engineer,4579.56,942.69,1859.18,3636.86,435.82,3201.05,139.56,6578.3,2024-03
00009,Engineer,4554.78,878.01,1307.66,3676.76,476.14,3200.63,10.57,5873.01,2024-04
00009,Engineer,4600.79,902.24,1449.95,3698.55,433.82,3264.73,140.45,6191.19,2024-05
00009,Engineer,4574.45,927.63,1381.81,3646.82,404.36,3242.46,19.88,5976.14,2024-06
00009,Engineer,4623.41,841.55,1886.02,3781.86,479.75,3302.11,32.69,6542.12,2024-07
00009,Engineer,4577.87,988.17,1761.89,3589.7,411.9,3177.79,90.87,6430.62,2024-08
00009,Engineer,4577.58,968.41,1657.58,3609.17,425.49,3183.67,54.33,6289.49,2024-09
00009,Engineer,4584.17,941.58,1598.66,3642.59,421.95,3220.64,53.51,6236.33,2024-10
00009,Engineer,4620.36,893.16,1242.25,3727.2,498.68,3228.52,143.73,6006.33,2024-11
00009,Engineer,4621.63,906.84,1550.05,3714.79,417.67,3297.12,65.97,6237.65,2024-12
00010,Engineer,2309.9,512.32,873.8,1797.58,125.22,1672.36,69.32,3253.03,2023-01
00010,Engineer,2762.37,655.5,771.86,2106.87,109.15,1997.72,25.07,3559.3,2023-02
00010,Engineer,2746.65,535.42,825.1,2211.22,99.84,2111.38,60.8,3632.55,2023-03
00010,Engineer,2760.56,499.04,770.37,2261.52,126.28,2135.24,112.67,3643.6,2023-04
00010,Engineer,2724.75,594.38,978.42,2130.36,101.25,2029.12,9.13,3712.29,2023-05
00010,Engineer,2723.87,620.7,940.92,2103.17,144.03,1959.14,89.43,3754.22,2023-06
00010,Engineer,2747.45,646.92,739.84,2100.54,118.27,1982.27,146.53,3633.83,2023-07
00010,Engineer,2746.92,648.39,1060.37,2098.53,71.21,2027.32,109.8,3917.09,2023-08
00010,Engineer,2788.54,536.31,911.23,2252.23,69.79,2182.44,76.38,3776.15,2023-09
00010,Engineer,2813.25,657.6,836.76,2155.66,139.83,2015.83,100.72,3750.73,2023-10
00010,Engineer,2820.84,640.34,794.54,2180.5,128.42,2052.07,89.52,3704.9,2023-11
00010,Engineer,2846.76,527.35,841.97,2319.41,88.23,2231.18,114.4,3803.13,2023-12
00010,Engineer,2895.41,557.0,933.15,2338.42,142.35,2196.07,48.29,3876.85,2024-01
00010,Engineer,2875.67,586.76,950.17,2288.91,122.17,2166.74,129.16,3954.99,2024-02
00010,Engineer,2938.72,529.36,920.65,2409.36,89.33,2320.03,35.37,3894.74,2024-03
00010,Engineer,2942.83,616.78,1001.08,2326.05,105.1,2220.95,25.3,3969.21,2024-04
00010,Engineer,2938.75,600.41,741.18,2338.33,141.26,2197.07,16.13,3696.05,2024-05
00010,Engineer,2943.45,551.07,946.08,2392.38,73.17,2319.21,39.95,3929.48,2024-06
00010,Engineer,3504.24,732.24,1372.35,2772.0,226.92,2545.08,122.66,4999.25,2024-07
00010,Engineer,3538.61,660.07,923.49,2878.55,309.3,2569.25,55.65,4517.75,2024-08
00010,Engineer,3514.03,672.5,1389.8,2841.54,221.59,2619.95,5.17,4909.0,2024-09
00010,Engineer,3582.32,711.9,1287.81,2870.42,217.9,2652.53,97.39,4967.52,2024-10
00010,Engineer,3610.26,800.17,1306.24,2810.08,247.04,2563.04,2.65,4919.14,2024-11
00010,Engineer,3641.72,825.5,1301.68,2816.22,244.92,2571.31,11.56,4954.96,2024-12
00011,Engineer,2996.07,571.33,1058.64,2424.74,145.26,2279.47,36.62,4091.33,2023-01
00011,Engineer,2968.7,629.47,1051.26,2339.23,102.22,2237.01,18.37,4038.33,2023-02
00011,Engineer,2964.71,556.76,1007.46,2407.95,105.51,2302.44,132.69,4104.86,2023-03
00011,Engineer,2975.64,585.5,822.09,2390.15,126.68,2263.47,16.86,3814.59,2023-04
00011,Engineer,3022.22,651.2,1010.79,2371.02,132.02,2239.0,85.82,4118.83,2023-05
00011,Engineer,3006.8,560.21,781.39,2446.59,101.9,2344.69,76.05,3864.24,2023-06
00011,Engineer,3029.87,711.01,1217.06,2318.86,132.89,2185.97,101.41,4348.33,2023-07
00011,Engineer,3005.57,610.73,1168.73,2394.84,164.26,2230.58,75.73,4250.02,2023-08
00011,Engineer,3024.38,620.28,1114.34,2404.1,110.43,2293.67,10.78,4149.5,2023-09
00011,Engineer,2988.17,643.1,1026.25,2345.07,93.56,2251.51,40.99,4055.42,2023-10
00011,Engineer,2949.39,559.74,819.52,2389.65,126.49,2263.16,107.79,3876.7,2023-11
00011,Engineer,2950.27,626.74,976.49,2323.53,73.34,2250.19,130.76,4057.52,2023-12
00011,Engineer,2956.28,695.93,1051.89,2260.35,89.85,2170.49,145.06,4153.23,2024-01
00011,Engineer,2947.89,674.4,933.1,2273.49,152.88,2120.6,113.45,3994.44,2024-02
00011,Engineer,2914.98,538.71,1173.77,2376.27,109.47,2266.8,133.94,4222.7,2024-03
00011,Engineer,2942.96,560.71,927.88,2382.25,116.63,2265.61,54.59,3925.43,2024-04
00011,Engineer,2917.96,675.1,735.09,2242.86,91.24,2151.62,104.99,3758.04,2024-05
00011,Engineer,2906.99,564.05,1039.78,2342.93,89.19,2253.75,42.89,3989.66,2024-06
00011,Engineer,2878.24,589.59,1090.94,2288.66,125.61,2163.04,110.1,4079.29,2024-07
00011,Engineer,2843.49,555.19,767.87,2288.3,69.86,2218.44,49.01,3660.37,2024-08
00011,Engineer,2870.32,669.03,810.97,2201.29,79.01,2122.28,62.4,3743.69,2024-09
00011,Engineer,2878.11,655.16,1160.39,2222.95,94.31,2128.63,133.63,4172.13,2024-10
00011,Engineer,2871.9,662.18,1063.18,2209.72,127.77,2081.94,32.04,3967.12,2024-11
00011,Engineer,2838.78,595.22,1090.76,2243.56,144.75,2098.82,85.98,4015.53,2024-12
00012,Engineer,2821.35,595.89,1100.8,2225.46,137.18,2088.28,32.91,3955.05,2023-01
00012,Engineer,2812.26,546.92,1076.06,2265.34,89.93,2175.42,31.68,3919.99,2023-02
00012,Engineer,2839.23,562.27,976.4,2276.96,72.62,2204.34,97.86,3913.49,2023-03
00012,Engineer,2828.86,539.5,1144.97,2289.37,95.8,2193.56,82.02,4055.85,2023-04
00012,Engineer,2826.76,580.68,804.97,2246.07,148.49,2097.58,146.19,3777.92,2023-05
00012,Engineer,2756.61,523.72,728.49,2232.89,75.78,2157.11,6.56,3491.67,2023-06
00012,Engineer,2757.99,572.21,980.3,2185.78,151.56,2034.22,32.01,3770.3,2023-07
00012,Engineer,2724.14,561.57,1106.34,2162.57,99.16,2063.41,2.45,3832.93,2023-08
00012,Engineer,2793.66,571.11,1013.41,2222.55,111.71,2110.83,117.39,3924.46,2023-09
00012,Engineer,2775.54,638.22,699.83,2137.32,135.82,2001.5,145.87,3621.24,2023-10
00012,Engineer,2742.05,584.92,725.47,2157.12,86.24,2070.88,32.47,3499.99,2023-11
00012,Engineer,2734.16,540.57,797.84,2193.59,133.93,2059.66,111.34,3643.33,2023-12
00012,Engineer,2740.74,508.62,848.83,2232.11,103.19,2128.93,74.86,3664.43,2024-01
00012,Engineer,2766.88,651.73,724.69,2115.15,129.95,1985.19,97.46,3589.02,2024-02
00012,Engineer,2985.09,594.1,1015.31,2390.99,100.43,2290.55,131.25,4131.65,2024-03
00012,Engineer,3001.33,641.19,1026.78,2360.14,151.06,2209.09,80.56,4108.67,2024-04
00012,Engineer,3009.72,701.47,765.08,2308.24,137.8,2170.44,99.17,3873.97,2024-05
00012,Engineer,3046.76,632.56,839.6,2414.2,162.58,2251.61,91.62,3977.98,2024-06
00012,Engineer,3171.84,617.77,1083.28,2554.07,236.37,2317.7,125.54,4380.66,2024-07
00012,Engineer,3134.99,729.94,995.15,2405.05,124.95,2280.1,132.62,4262.76,2024-08
00012,Engineer,3119.94,685.96,1136.93,2433.98,150.84,2283.14,130.46,4387.34,2024-09
00012,Engineer,3080.41,692.76,954.95,2387.65,153.69,2233.96,122.65,4158.01,2024-10
00012,Engineer,3083.71,643.31,1156.19,2440.4,119.31,2321.08,128.46,4368.36,2024-11
00012,Engineer,3071.84,633.83,1260.22,2438.01,122.31,2315.7,129.72,4461.78,2024-12
00013,Engineer,3090.91,680.6,931.14,2410.31,73.9,2336.41,113.11,4135.17,2023-01
00013,Engineer,3114.25,686.62,879.42,2427.64,134.37,2293.26,59.14,4052.81,2023-02
00013,Engineer,3104.93,723.09,1063.9,2381.84,93.91,2287.94,104.73,4273.57,2023-03
00013,Engineer,3128.57,627.35,1132.93,2501.22,243.56,2257.65,42.82,4304.32,2023-04
00013,Engineer,3184.66,748.11,1003.34,2436.55,88.65,2347.9,43.43,4231.43,2023-05
00013,Engineer,3182.91,653.53,997.71,2529.38,229.34,2300.04,96.92,4277.54,2023-06
00013,Engineer,3216.01,609.56,1333.67,2606.44,253.45,2353.0,132.36,4682.04,2023-07
00013,Engineer,3198.47,724.72,948.65,2473.75,129.49,2344.26,137.14,4284.26,2023-08
00013,Engineer,3147.89,701.94,1122.35,2445.94,113.1,2332.85,50.05,4320.28,2023-09
00013,Engineer,3095.45,628.48,1005.48,2466.98,125.7,2341.28,111.8,4212.73,2023-10
00013,Engineer,3030.42,673.1,1136.78,2357.32,85.78,2271.53,49.26,4216.46,2023-11
00013,Engineer,3021.06,590.58,1031.79,2430.48,124.46,2306.01,123.74,4176.59,2023-12
00013,Engineer,2963.99,586.66,832.1,2377.33,84.22,2293.11,72.78,3868.86,2024-01
00013,Engineer,2985.81,612.0,822.52,2373.81,94.2,2279.62,27.53,3835.86,2024-02
00013,Engineer,2982.71,600.39,1139.75,2382.31,114.8,2267.51,25.71,4148.17,2024-03
00013,Engineer,2961.76,586.32,789.85,2375.44,84.07,2291.37,55.09,3806.71,2024-04
00013,Engineer,2997.8,540.57,852.17,2457.23,98.34,2358.89,43.61,3893.57,2024-05
00013,Engineer,2990.39,574.45,804.18,2415.94,117.96,2297.97,41.13,3835.7,2024-06
00013,Engineer,2973.47,555.41,947.97,2418.06,82.91,2335.15,9.88,3931.32,2024-07
00013,Engineer,2970.89,550.13,997.7,2420.76,102.74,2318.03,100.43,4069.03,2024-08
00013,Engineer,3011.47,622.95,813.64,2388.52,110.32,2278.2,147.97,3973.09,2024-09
00013,Engineer,3027.26,560.67,1027.65,2466.59,167.82,2298.77,55.11,4110.02,2024-10
00013,Engineer,3022.16,666.0,758.73,2356.16,114.33,2241.83,92.62,3873.51,2024-11
00013,Engineer,3006.67,646.83,1226.81,2359.84,91.77,2268.07,50.01,4283.49,2024-12
00014,Engineer,3832.23,747.88,1407.28,3084.35,333.76,2750.59,68.27,5307.78,2023-01
00014,Engineer,3850.33,718.93,1148.05,3131.4,321.64,2809.76,94.79,5093.17,2023-02
00014,Engineer,3848.22,734.76,1000.2,3113.46,228.04,2885.42,73.36,4921.78,2023-03
00014,Engineer,3884.56,742.95,1354.53,3141.61,311.28,2830.33,119.35,5358.44,2023-04
00014,Engineer,3863.95,847.12,1442.03,3016.82,236.67,2780.15,94.26,5400.24,2023-05
00014,Engineer,3912.4,905.24,1486.16,3007.16,220.46,2786.7,124.25,5522.8,2023-06
00014,Engineer,3937.3,916.67,1166.18,3020.62,287.13,2733.49,1.02,5104.49,2023-07
00014,Engineer,3907.07,780.86,1132.87,3126.2,317.21,2808.99,98.54,5138.47,2023-08
00014,Engineer,3884.21,927.69,1205.55,2956.53,240.91,2715.61,27.44,5117.2,2023-09
00014,Engineer,3895.64,792.86,1602.5,3102.78,255.72,2847.07,116.37,5614.51,2023-10
00014,Engineer,3910.29,725.95,1044.78,3184.34,303.64,2880.7,133.98,5089.05,2023-11
00014,Engineer,3877.25,873.29,1567.69,3003.96,320.54,2683.41,99.2,5544.14,2023-12
00014,Engineer,3864.63,860.85,1237.56,3003.78,212.34,2791.43,140.05,5242.24,2024-01
00014,Engineer,3859.9,794.33,1513.09,3065.57,294.99,2770.58,132.13,5505.12,2024-02
00014,Engineer,3853.79,870.48,992.92,2983.31,323.38,2659.93,146.81,4993.52,2024-03
00014,Engineer,3883.53,892.39,1183.89,2991.14,323.46,2667.67,137.28,5204.7,2024-04
00014,Engineer,3858.12,842.36,1306.36,3015.76,247.65,2768.11,70.27,5234.74,2024-05
00014,Engineer,3901.75,828.3,1549.77,3073.46,318.01,2755.45,32.44,5483.96,2024-06
00014,Engineer,3939.96,715.67,1482.52,3224.29,303.9,2920.39,109.71,5532.19,2024-07
00014,Engineer,4056.4,754.41,1661.36,3301.99,273.98,3028.01,139.9,5857.67,2024-08
00014,Engineer,4091.17,791.21,1622.91,3299.96,282.57,3017.39,28.62,5742.69,2024-09
00014,Engineer,4136.21,898.07,1254.22,3238.14,277.65,2960.49,143.66,5534.09,2024-10
00014,Engineer,4082.84,960.89,1208.6,3121.95,335.08,2786.87,19.79,5311.24,2024-11
00014,Engineer,4118.52,981.41,1520.36,3137.11,227.92,2909.19,47.55,5686.43,2024-12
00015,Engineer,3078.74,604.88,772.39,2473.86,84.83,2389.03,142.81,3993.93,2023-01
00015,Engineer,3089.12,653.44,1129.58,2435.69,122.06,2313.62,76.7,4295.41,2023-02
00015,Engineer,3147.97,743.05,1148.14,2404.92,162.3,2242.62,50.74,4346.84,2023-03
00015,Engineer,3163.72,757.31,812.33,2406.41,139.15,2267.26,2.93,3978.98,2023-04
00015,Engineer,3161.75,641.4,1032.26,2520.34,230.26,2290.08,10.91,4204.92,2023-05
00015,Engineer,3376.23,760.13,1133.3,2616.1,227.8,2388.31,27.12,4536.65,2023-06
00015,Engineer,3361.08,706.55,1231.53,2654.53,258.87,2395.66,139.89,4732.5,2023-07
00015,Engineer,3392.33,618.48,925.53,2773.85,240.4,2533.45,112.88,4430.74,2023-08
00015,Engineer,3413.49,725.64,1328.36,2687.85,285.13,2402.72,110.93,4852.78,2023-09
00015,Engineer,3435.0,618.87,1252.24,2816.12,249.13,2566.99,86.71,4773.94,2023-10
00015,Engineer,3473.2,650.58,963.12,2822.62,238.18,2584.44,94.97,4531.3,2023-11
00015,Engineer,3483.79,756.04,1408.77,2727.75,229.08,2498.67,136.87,5029.44,2023-12
00015,Engineer,3533.22,807.65,1218.74,2725.57,249.54,2476.02,117.97,4869.93,2024-01
00015,Engineer,3506.42,781.24,906.08,2725.18,272.11,2453.08,106.47,4518.97,2024-02
00015,Engineer,3482.19,668.54,1412.23,2813.65,298.58,2515.06,137.34,5031.76,2024-03
00015,Engineer,3540.91,787.63,928.66,2753.28,205.81,2547.47,40.8,4510.36,2024-04
00015,Engineer,3586.06,850.64,1372.84,2735.42,245.62,2489.8,82.68,5041.59,2024-05
00015,Engineer,3621.72,868.14,1375.72,2753.58,212.52,2541.06,97.47,5094.91,2024-06
00015,Engineer,3654.57,848.53,1328.83,2806.04,305.48,2500.56,129.44,5112.84,2024-07
00015,Engineer,3658.75,869.27,1140.2,2789.48,203.96,2585.52,15.55,4814.49,2024-08
00015,Engineer,3672.86,781.78,1229.85,2891.08,249.83,2641.25,125.72,5028.43,2024-09
00015,Engineer,3701.66,750.09,1533.07,2951.57,314.18,2637.39,149.31,5384.03,2024-10
00015,Engineer,3787.01,701.87,952.86,3085.15,330.54,2754.6,18.18,4758.05,2024-11
00015,Engineer,4168.98,835.68,1311.97,3333.3,276.76,3056.54,51.23,5532.17,2024-12
00016,Engineer,3323.72,695.44,1069.15,2628.28,278.81,2349.47,102.1,4494.96,2023-01
00016,Engineer,3371.75,712.81,1223.32,2658.94,282.37,2376.57,111.36,4706.44,2023-02
00016,Engineer,3337.77,606.1,949.17,2731.67,193.33,2538.34,84.94,4371.88,2023-03
00016,Engineer,3360.29,632.5,1126.47,2727.79,232.29,2495.5,128.96,4615.72,2023-04
00016,Engineer,3384.86,611.32,1387.82,2773.54,293.56,2479.97,134.41,4907.09,2023-05
00016,Engineer,3417.71,707.75,897.04,2709.96,206.59,2503.37,140.56,4455.31,2023-06
00016,Engineer,3418.48,701.45,1365.53,2717.03,241.38,2475.65,136.51,4920.52,2023-07
00016,Engineer,3409.29,765.31,1129.68,2643.99,209.87,2434.12,97.65,4636.63,2023-08
00016,Engineer,3389.17,810.12,1087.74,2579.05,237.83,2341.22,44.42,4521.33,2023-09
00016,Engineer,3369.23,679.38,1347.78,2689.85,243.72,2446.13,13.54,4730.54,2023-10
00016,Engineer,3382.73,707.59,1028.87,2675.14,244.1,2431.04,118.87,4530.47,2023-11
00016,Engineer,3346.65,609.31,1062.93,2737.34,233.91,2503.44,41.97,4451.55,2023-12
00016,Engineer,3376.12,784.08,1012.06,2592.04,206.83,2385.21,140.83,4529.01,2024-01
00016,Engineer,3442.04,767.34,1091.82,2674.7,274.65,2400.05,112.27,4646.13,2024-02
00016,Engineer,3454.99,807.23,1376.1,2647.76,215.91,2431.84,22.06,4853.15,2024-03
00016,Engineer,3458.34,656.32,985.81,2802.02,264.15,2537.87,115.65,4559.81,2024-04
00016,Engineer,3506.63,632.35,1395.39,2874.27,217.1,2657.17,105.23,5007.24,2024-05
00016,Engineer,3418.91,685.91,1201.27,2732.99,251.62,2481.37,86.1,4706.28,2024-06
00016,Engineer,3433.7,744.43,1353.26,2689.27,294.06,2395.21,107.16,4894.13,2024-07
00016,Engineer,3478.66,729.31,1427.58,2749.35,253.58,2495.77,35.77,4942.0,2024-08
00016,Engineer,3505.55,670.57,1061.87,2834.98,249.37,2585.61,147.24,4714.65,2024-09
00016,Engineer,3470.37,694.74,1281.64,2775.63,201.83,2573.8,94.34,4846.35,2024-10
00016,Engineer,3473.07,791.98,879.78,2681.09,216.36,2464.73,91.21,4444.05,2024-11
00016,Engineer,3436.05,733.35,978.35,2702.7,250.05,2452.65,70.53,4484.93,2024-12
00017,Engineer,3397.21,665.2,941.6,2732.01,259.34,2472.67,9.97,4348.78,2023-01
00017,Engineer,3386.9,686.92,1357.64,2699.97,245.5,2454.47,57.93,4802.46,2023-02
00017,Engineer,3398.7,687.67,968.47,2711.03,231.33,2479.7,100.59,4467.77,2023-03
00017,Engineer,3422.65,674.19,1411.4,2748.46,252.17,2496.29,23.85,4857.9,2023-04
00017,Engineer,3468.2,721.03,986.41,2747.17,283.49,2463.68,19.14,4473.75,2023-05
00017,Engineer,3869.39,723.56,1010.02,3145.83,220.66,2925.17,109.85,4989.26,2023-06
00017,Engineer,3874.44,770.52,1412.22,3103.92,232.78,2871.13,91.68,5378.34,2023-07
00017,Engineer,3903.15,707.01,1481.66,3196.14,290.59,2905.55,133.78,5518.59,2023-08
00017,Engineer,3904.16,750.4,1553.05,3153.76,277.76,2876.0,113.41,5570.62,2023-09
00017,Engineer,3903.85,787.23,1002.73,3116.62,242.64,2873.98,97.2,5003.79,2023-10
00017,Engineer,3866.8,770.24,1570.0,3096.56,251.42,2845.15,22.1,5458.91,2023-11
00017,Engineer,3916.17,808.42,1467.51,3107.75,269.87,2837.88,72.72,5456.4,2023-12
00017,Engineer,3900.12,844.31,996.01,3055.8,233.42,2822.38,106.67,5002.81,2024-01
00017,Engineer,3906.53,739.16,1615.67,3167.37,315.98,2851.39,10.8,5532.99,2024-02
00017,Engineer,3907.92,862.01,1626.35,3045.91,223.3,2822.61,41.39,5575.66,2024-03
00017,Engineer,3896.95,825.29,1127.3,3071.66,301.96,2769.7,57.45,5081.71,2024-04
00017,Engineer,3958.55,718.86,1149.58,3239.69,291.29,2948.41,24.04,5132.17,2024-05
00017,Engineer,3942.09,889.66,1638.46,3052.43,292.46,2759.97,4.5,5585.04,2024-06
00017,Engineer,3930.51,727.6,1440.85,3202.91,338.85,2864.07,144.38,5515.74,2024-07
00017,Engineer,3940.82,871.99,1593.5,3068.83,315.51,2753.32,50.87,5585.19,2024-08
00017,Engineer,3928.8,718.25,1203.71,3210.55,264.59,2945.95,36.0,5168.51,2024-09
00017,Engineer,3919.75,828.71,1410.5,3091.04,266.45,2824.59,101.57,5431.82,2024-10
00017,Engineer,3909.42,891.03,1501.53,3018.4,242.03,2776.37,144.12,5555.07,2024-11
00017,Engineer,3905.55,781.06,1128.44,3124.49,335.16,2789.33,143.66,5177.64,2024-12
00018,Engineer,2798.84,509.02,867.97,2289.82,83.86,2205.96,22.74,3689.54,2023-01
00018,Engineer,2832.36,670.02,1107.91,2162.34,115.47,2046.87,146.32,4086.59,2023-02
00018,Engineer,2838.34,551.27,756.37,2287.07,132.27,2154.8,101.87,3696.58,2023-03
00018,Engineer,2834.76,528.39,1007.28,2306.37,140.08,2166.28,50.33,3892.37,2023-04
00018,Engineer,2851.53,534.98,1156.7,2316.55,80.99,2235.56,29.77,4038.0,2023-05
00018,Engineer,2838.46,577.82,787.29,2260.64,141.95,2118.69,9.18,3634.92,2023-06
00018,Engineer,2849.41,530.77,1023.41,2318.64,145.39,2173.25,3.79,3876.61,2023-07
00018,Engineer,2825.21,657.72,1146.94,2167.49,125.66,2041.83,31.02,4003.16,2023-08
00018,Engineer,2830.4,595.11,802.33,2235.29,108.05,2127.24,60.88,3693.61,2023-09
00018,Engineer,2838.93,659.42,775.39,2179.51,93.6,2085.9,70.24,3684.56,2023-10
00018,Engineer,2909.94,561.26,1219.92,2348.68,160.64,2188.04,99.17,4229.03,2023-11
00018,Engineer,2984.41,701.63,1148.49,2282.79,80.66,2202.13,23.29,4156.2,2023-12
00018,Engineer,3010.06,624.24,872.7,2385.82,160.94,2224.88,101.99,3984.75,2024-01
00018,Engineer,2981.8,700.98,944.62,2280.81,115.92,2164.9,8.14,3934.56,2024-02
00018,Engineer,3022.65,551.83,778.85,2470.82,167.05,2303.77,57.49,3858.99,2024-03
00018,Engineer,2999.55,585.59,1112.59,2413.96,121.35,2292.6,100.61,4212.76,2024-04
00018,Engineer,2981.16,571.69,1192.99,2409.47,112.71,2296.76,136.6,4310.75,2024-05
00018,Engineer,3303.35,656.91,1106.46,2646.44,190.06,2456.38,113.04,4522.85,2024-06
00018,Engineer,3793.35,803.54,1515.75,2989.81,248.81,2741.0,13.59,5322.68,2024-07
00018,Engineer,3827.29,703.63,1520.18,3123.66,327.47,2796.19,46.76,5394.23,2024-08
00018,Engineer,3854.14,754.96,1475.83,3099.18,327.61,2771.58,38.83,5368.8,2024-09
00018,Engineer,3859.59,725.1,1196.96,3134.5,334.13,2800.37,11.9,5068.45,2024-10
00018,Engineer,3817.81,895.59,1309.44,2922.22,278.94,2643.28,52.77,5180.02,2024-11
00018,Engineer,3822.72,722.27,1329.79,3100.45,265.33,2835.12,138.31,5290.82,2024-12
00019,Engineer,2505.15,558.78,920.45,1946.37,83.9,1862.47,82.69,3508.29,2023-01
00019,Engineer,2437.6,555.52,992.26,1882.08,69.4,1812.69,29.48,3459.34,2023-02
00019,Engineer,2426.42,545.32,643.09,1881.1,85.29,1795.81,111.99,3181.51,2023-03
00019,Engineer,2412.25,568.85,636.47,1843.4,59.38,1784.02,132.23,3180.95,2023-04
00019,Engineer,2407.0,511.86,603.7,1895.14,103.23,1791.91,71.25,3081.95,2023-05
00019,Engineer,2426.96,581.56,905.53,1845.4,96.24,1749.16,50.37,3382.86,2023-06
00019,Engineer,2448.99,491.69,970.07,1957.3,125.46,1831.84,134.86,3553.92,2023-07
00019,Engineer,2451.97,538.64,736.63,1913.33,72.67,1840.66,30.12,3218.72,2023-08
00019,Engineer,2480.81,502.18,857.45,1978.63,97.34,1881.3,34.75,3373.01,2023-09
00019,Engineer,2547.92,566.39,1030.9,1981.54,133.25,1848.29,54.92,3633.74,2023-10
00019,Engineer,2543.7,475.67,970.56,2068.03,87.26,1980.76,11.45,3525.71,2023-11
00019,Engineer,2564.43,547.67,781.42,2016.76,115.08,1901.68,34.13,3379.98,2023-12
00019,Engineer,2564.94,590.98,1022.01,1973.96,64.98,1908.97,77.73,3664.68,2024-01
00019,Engineer,2571.99,497.03,999.97,2074.95,138.61,1936.34,72.45,3644.41,2024-02
00019,Engineer,2582.55,528.94,1014.33,2053.62,76.88,1976.74,86.34,3683.23,2024-03
00019,Engineer,2634.14,542.81,785.36,2091.33,138.47,1952.86,64.09,3483.59,2024-04
00019,Engineer,2634.3,505.69,1050.36,2128.61,85.47,2043.14,19.58,3704.24,2024-05
00019,Engineer,2604.01,555.11,852.25,2048.9,125.73,1923.17,72.11,3528.38,2024-06
00019,Engineer,2582.67,602.2,927.63,1980.47,77.77,1902.71,123.76,3634.07,2024-07
00019,Engineer,2590.42,515.27,1056.84,2075.15,96.78,1978.37,71.88,3719.14,2024-08
00019,Engineer,2572.05,484.0,970.58,2088.06,128.08,1959.98,96.12,3638.75,2024-09
00019,Engineer,2583.54,563.88,1064.66,2019.66,71.51,1948.15,125.99,3774.19,2024-10
00019,Engineer,2602.13,550.13,898.4,2052.0,133.58,1918.41,116.67,3617.19,2024-11
00019,Engineer,2582.56,517.51,836.97,2065.06,93.64,1971.42,103.85,3523.38,2024-12
00020,Engineer,3232.07,648.78,1271.19,2583.29,243.29,2340.0,41.5,4544.76,2023-01
00020,Engineer,3279.75,746.02,1055.3,2533.73,215.09,2318.64,50.92,4385.97,2023-02
00020,Engineer,3280.96,767.16,910.54,2513.8,202.45,2311.35,29.39,4220.9,2023-03
00020,Engineer,3243.44,636.12,1327.69,2607.33,283.14,2324.18,67.33,4638.46,2023-04
00020,Engineer,3339.93,710.8,1052.94,2629.13,285.85,2343.28,43.98,4436.85,2023-05
00020,Engineer,3332.48,736.49,1205.26,2595.99,187.62,2408.37,93.68,4631.42,2023-06
00020,Engineer,3368.68,625.04,1008.73,2743.64,212.7,2530.94,88.13,4465.54,2023-07
00020,Engineer,3391.0,796.46,1365.39,2594.54,191.54,2403.0,66.51,4822.9,2023-08
00020,Engineer,3389.05,802.13,1157.31,2586.92,207.98,2378.94,85.32,4631.68,2023-09
00020,Engineer,3387.49,634.78,1221.04,2752.71,300.02,2452.69,99.19,4707.72,2023-10
00020,Engineer,3411.09,786.68,1137.78,2624.4,284.21,2340.2,110.58,4659.44,2023-11
00020,Engineer,3410.51,694.04,1108.6,2716.47,244.71,2471.76,114.48,4633.58,2023-12
00020,Engineer,3435.21,792.97,1190.15,2642.24,216.52,2425.72,143.13,4768.5,2024-01
00020,Engineer,3393.28,781.61,961.73,2611.67,231.63,2380.04,62.11,4417.12,2024-02
00020,Engineer,3442.67,721.25,1250.52,2721.42,191.19,2530.23,126.42,4819.61,2024-03
00020,Engineer,3420.63,620.76,1089.29,2799.87,262.87,2537.0,23.07,4532.99,2024-04
00020,Engineer,3426.2,639.18,1039.17,2787.02,248.08,2538.94,148.16,4613.52,2024-05
00020,Engineer,3435.27,737.34,1017.61,2697.93,209.46,2488.47,83.64,4536.51,2024-06
00020,Engineer,3467.73,756.26,1156.59,2711.46,194.38,2517.08,0.44,4624.75,2024-07
00020,Engineer,3490.49,805.76,1150.13,2684.73,234.42,2450.32,97.83,4738.45,2024-08
00020,Engineer,3483.9,764.44,1259.4,2719.45,260.76,2458.69,116.38,4859.67,2024-09
00020,Engineer,3461.76,687.74,1324.58,2774.02,303.59,2470.43,105.12,4891.47,2024-10
00020,Engineer,3531.87,697.79,1112.45,2834.08,283.49,2550.58,130.94,4775.25,2024-11
00020,Engineer,3567.25,758.64,1004.55,2808.61,238.4,2570.21,106.4,4678.19,2024-12
00021,Engineer,2392.1,448.0,672.75,1944.1,70.41,1873.68,32.71,3097.56,2023-01
00021,Engineer,2368.67,465.47,691.75,1903.19,98.88,1804.32,68.66,3129.08,2023-02
00021,Engineer,2341.46,450.99,692.9,1890.47,111.51,1778.96,89.16,3123.52,2023-03
00021,Engineer,2315.44,513.89,665.68,1801.55,98.66,1702.89,33.46,3014.58,2023-04
00021,Engineer,2339.86,450.51,859.11,1889.35,99.66,1789.69,35.56,3234.54,2023-05
00021,Engineer,2355.98,482.21,946.18,1873.78,98.7,1775.07,71.46,3373.62,2023-06
00021,Engineer,2360.83,450.9,837.06,1909.93,123.87,1786.06,146.82,3344.71,2023-07
00021,Engineer,2428.43,460.41,875.79,1968.02,120.41,1847.6,147.74,3451.96,2023-08
00021,Engineer,2368.23,561.48,780.67,1806.74,120.83,1685.91,97.21,3246.11,2023-09
00021,Engineer,2398.67,516.33,738.34,1882.34,115.21,1767.13,81.54,3218.54,2023-10
00021,Engineer,2397.05,486.08,821.3,1910.97,113.17,1797.8,23.03,3241.38,2023-11
00021,Engineer,2409.73,514.68,704.58,1895.05,131.81,1763.24,60.45,3174.76,2023-12
00021,Engineer,2380.88,484.45,800.93,1896.42,99.84,1796.59,93.94,3275.75,2024-01
00021,Engineer,2420.9,544.94,783.52,1875.96,73.31,1802.65,16.38,3220.8,2024-02
00021,Engineer,2398.26,548.88,1004.23,1849.38,123.68,1725.7,86.49,3488.98,2024-03
00021,Engineer,2397.66,483.45,878.78,1914.22,85.28,1828.94,14.5,3290.95,2024-04
00021,Engineer,2415.37,522.27,906.63,1893.1,57.1,1836.0,140.49,3462.49,2024-05
00021,Engineer,2448.95,486.17,718.93,1962.78,73.04,1889.74,52.64,3220.52,2024-06
00021,Engineer,2810.7,659.92,888.56,2150.78,110.81,2039.96,131.77,3831.02,2024-07
00021,Engineer,2812.02,631.12,733.02,2180.91,104.66,2076.25,80.1,3625.14,2024-08
00021,Engineer,2819.4,601.83,754.59,2217.57,150.21,2067.37,85.66,3659.66,2024-09
00021,Engineer,2830.31,520.16,730.11,2310.15,93.27,2216.87,36.71,3597.13,2024-10
00021,Engineer,2786.24,613.3,813.23,2172.94,83.02,2089.92,112.76,3712.23,2024-11
00021,Engineer,2985.57,584.26,1141.26,2401.31,119.92,2281.39,117.43,4244.27,2024-12
00022,Junior,1707.75,403.63,582.71,1304.11,0.0,1304.11,94.67,2385.13,2023-01
00022,Junior,1684.04,365.48,570.14,1318.56,0.0,1318.56,31.51,2285.69,2023-02
00022,Junior,1730.04,337.57,697.61,1392.47,0.0,1392.47,144.16,2571.82,2023-03
00022,Junior,1720.23,315.88,507.11,1404.36,0.0,1404.36,64.43,2291.77,2023-04
00022,Junior,1721.53,378.43,579.73,1343.1,0.0,1343.1,46.86,2348.12,2023-05
00022,Junior,1731.16,313.98,495.35,1417.19,0.0,1417.19,32.96,2259.47,2023-06
00022,Junior,1734.87,361.7,530.44,1373.17,0.0,1373.17,92.14,2357.45,2023-07
00022,Junior,1752.4,419.04,653.21,1333.36,0.0,1333.36,105.19,2510.79,2023-08
00022,Junior,1782.39,414.95,509.33,1367.45,0.0,1367.45,55.73,2347.45,2023-09
00022,Junior,1784.87,419.68,690.81,1365.19,0.0,1365.19,74.51,2550.2,2023-10
00022,Junior,1781.09,391.43,478.75,1389.65,0.0,1389.65,87.76,2347.59,2023-11
00022,Junior,2062.96,470.44,833.4,1592.52,71.56,1520.95,124.41,3020.77,2023-12
00022,Junior,2048.16,434.15,773.03,1614.01,103.65,1510.36,113.78,2934.97,2024-01
00022,Junior,2065.99,476.22,786.61,1589.77,84.99,1504.78,92.24,2944.85,2024-02
00022,Junior,2088.51,468.56,606.39,1619.95,57.21,1562.74,38.35,2733.24,2024-03
00022,Junior,2057.17,415.45,552.46,1641.72,88.27,1553.45,73.66,2683.29,2024-04
00022,Junior,2044.97,388.56,815.36,1656.4,68.94,1587.47,102.32,2962.65,2024-05
00022,Junior,2005.46,438.76,509.11,1566.7,69.89,1496.81,77.52,2592.1,2024-06
00022,Junior,1994.12,406.67,533.89,1587.45,96.5,1490.95,41.76,2569.77,2024-07
00022,Junior,1946.99,381.65,537.98,1565.34,87.4,1477.94,98.81,2583.79,2024-08
00022,Junior,1934.59,447.36,624.61,1487.23,0.0,1487.23,7.94,2567.15,2024-09
00022,Junior,1907.15,430.6,800.69,1476.56,0.0,1476.56,23.63,2731.48,2024-10
00022,Junior,1918.26,425.49,481.93,1492.76,0.0,1492.76,92.63,2492.82,2024-11
00022,Junior,1917.78,435.22,555.12,1482.56,0.0,1482.56,17.19,2490.1,2024-12
00023,Junior,1768.68,385.35,677.16,1383.32,0.0,1383.32,114.08,2559.92,2023-01
00023,Junior,1795.25,360.35,477.2,1434.9,0.0,1434.9,87.16,2359.62,2023-02
00023,Junior,1833.83,385.53,492.0,1448.31,0.0,1448.31,102.97,2428.81,2023-03
00023,Junior,1869.83,340.09,506.15,1529.73,49.01,1480.72,23.83,2399.81,2023-04
00023,Junior,1882.21,414.87,513.73,1467.35,0.0,1467.35,8.83,2404.78,2023-05
00023,Junior,1852.98,350.41,697.64,1502.57,83.58,1418.98,18.3,2568.93,2023-06
00023,Junior,1852.07,433.48,536.98,1418.6,0.0,1418.6,2.68,2391.73,2023-07
00023,Junior,1831.63,412.25,567.33,1419.39,0.0,1419.39,107.78,2506.74,2023-08
00023,Junior,1849.13,367.01,579.76,1482.12,0.0,1482.12,73.27,2502.15,2023-09
00023,Junior,1856.33,349.09,753.34,1507.24,77.36,1429.88,66.27,2675.94,2023-10
00023,Junior,1837.9,342.42,766.04,1495.48,0.0,1495.48,13.45,2617.39,2023-11
00023,Junior,1856.11,401.26,567.44,1454.85,0.0,1454.85,82.77,2506.32,2023-12
00023,Junior,1826.85,419.54,555.62,1407.31,0.0,1407.31,137.48,2519.95,2024-01
00023,Junior,1789.88,374.62,738.91,1415.26,0.0,1415.26,138.28,2667.07,2024-02
00023,Junior,1813.39,404.91,512.01,1408.47,0.0,1408.47,129.77,2455.16,2024-03
00023,Junior,1821.08,345.98,556.01,1475.1,0.0,1475.1,10.73,2387.83,2024-04
00023,Junior,1818.93,408.41,650.97,1410.52,0.0,1410.52,46.59,2516.48,2024-05
00023,Junior,1827.43,352.77,651.7,1474.65,0.0,1474.65,102.14,2581.27,2024-06
00023,Junior,1820.86,328.46,664.82,1492.4,0.0,1492.4,31.44,2517.11,2024-07
00023,Junior,1835.77,339.2,568.26,1496.57,0.0,1496.57,5.67,2409.7,2024-08
00023,Junior,1850.27,385.73,657.67,1464.54,0.0,1464.54,16.43,2524.38,2024-09
00023,Junior,1850.07,432.26,544.3,1417.81,0.0,1417.81,14.69,2409.06,2024-10
00023,Junior,1872.01,355.75,752.92,1516.26,90.16,1426.1,115.94,2740.86,2024-11
00023,Junior,1854.8,338.33,548.56,1516.47,51.46,1465.01,43.02,2446.38,2024-12
00024,Junior,1723.6,348.02,680.21,1375.58,0.0,1375.58,6.0,2409.81,2023-01
00024,Junior,1727.32,328.77,581.29,1398.55,0.0,1398.55,66.53,2375.15,2023-02
00024,Junior,1730.9,324.24,628.32,1406.65,0.0,1406.65,111.14,2470.36,2023-03
00024,Junior,1857.54,355.96,495.52,1501.58,104.6,1396.98,21.94,2375.0,2023-04
00024,Junior,1851.65,443.16,563.1,1408.5,0.0,1408.5,87.96,2502.71,2023-05
00024,Junior,1855.7,385.54,673.33,1470.16,0.0,1470.16,6.7,2535.73,2023-06
00024,Junior,1839.53,440.72,486.43,1398.81,0.0,1398.81,116.16,2442.12,2023-07
00024,Junior,1879.45,429.2,542.79,1450.25,0.0,1450.25,42.15,2464.39,2023-08
00024,Junior,1849.18,405.47,495.6,1443.71,0.0,1443.71,36.97,2381.75,2023-09
00024,Junior,1888.74,429.7,646.71,1459.04,0.0,1459.04,146.67,2682.11,2023-10
00024,Junior,1844.29,375.28,498.98,1469.02,0.0,1469.02,131.78,2475.06,2023-11
00024,Junior,1896.41,353.58,556.17,1542.84,89.56,1453.27,25.79,2478.38,2023-12
00024,Junior,1894.92,362.64,669.39,1532.28,68.65,1463.63,38.58,2602.9,2024-01
00024,Junior,1892.05,375.99,782.73,1516.06,65.35,1450.71,35.57,2710.35,2024-02
00024,Junior,1912.52,391.22,758.99,1521.3,86.75,1434.55,52.18,2723.7,2024-03
00024,Junior,1925.06,448.63,502.74,1476.43,0.0,1476.43,148.52,2576.32,2024-04
00024,Junior,1912.77,427.47,595.75,1485.3,0.0,1485.3,24.3,2532.83,2024-05
00024,Junior,1903.7,398.79,768.88,1504.91,72.81,1432.1,144.48,2817.06,2024-06
00024,Junior,1890.24,409.88,793.11,1480.35,0.0,1480.35,108.66,2792.01,2024-07
00024,Junior,1872.23,388.41,546.69,1483.81,0.0,1483.81,13.23,2432.15,2024-08
00024,Junior,1892.96,347.22,677.35,1545.75,83.68,1462.07,45.0,2615.31,2024-09
00024,Junior,1891.99,374.64,570.76,1517.35,57.01,1460.34,30.11,2492.87,2024-10
00024,Junior,1885.32,434.0,659.51,1451.32,0.0,1451.32,18.96,2563.79,2024-11
00024,Junior,1902.78,357.68,745.4,1545.11,50.07,1495.04,67.71,2715.9,2024-12
00025,Junior,1401.78,334.45,353.05,1067.33,0.0,1067.33,5.83,1760.66,2023-01
00025,Junior,1383.07,295.05,580.69,1088.02,0.0,1088.02,74.12,2037.88,2023-02
00025,Junior,1383.19,274.29,406.93,1108.9,0.0,1108.9,61.58,1851.69,2023-03
00025,Junior,1388.49,294.09,391.83,1094.4,0.0,1094.4,13.76,1794.07,2023-04
00025,Junior,1386.3,305.13,493.17,1081.17,0.0,1081.17,131.7,2011.17,2023-05
00025,Junior,1431.59,286.93,417.69,1144.66,0.0,1144.66,63.38,1912.66,2023-06
00025,Junior,1459.79,270.69,516.0,1189.1,0.0,1189.1,100.5,2076.29,2023-07
00025,Junior,1465.85,329.51,393.76,1136.34,0.0,1136.34,29.06,1888.68,2023-08
00025,Junior,1470.43,267.53,517.6,1202.91,0.0,1202.91,67.33,2055.37,2023-09
00025,Junior,1463.53,274.54,439.35,1188.99,0.0,1188.99,119.49,2022.37,2023-10
00025,Junior,1468.43,325.65,389.07,1142.79,0.0,1142.79,42.61,1900.11,2023-11
00025,Junior,1490.27,330.99,515.32,1159.28,0.0,1159.28,43.25,2048.83,2023-12
00025,Junior,1510.34,288.31,392.44,1222.03,0.0,1222.03,11.72,1914.5,2024-01
00025,Junior,1500.39,296.57,549.88,1203.82,0.0,1203.82,134.82,2185.09,2024-02
00025,Junior,1537.47,293.25,442.88,1244.22,0.0,1244.22,43.11,2023.45,2024-03
00025,Junior,1511.86,323.36,546.03,1188.5,0.0,1188.5,35.52,2093.42,2024-04
00025,Junior,1702.7,380.53,557.02,1322.17,0.0,1322.17,137.05,2396.77,2024-05
00025,Junior,1694.19,321.92,537.49,1372.28,0.0,1372.28,126.67,2358.35,2024-06
00025,Junior,1722.93,404.97,705.59,1317.96,0.0,1317.96,142.06,2570.58,2024-07
00025,Junior,1733.83,353.15,536.19,1380.68,0.0,1380.68,136.06,2406.09,2024-08
00025,Junior,1738.17,415.56,687.37,1322.61,0.0,1322.61,124.8,2550.33,2024-09
00025,Junior,1760.97,418.6,556.26,1342.37,0.0,1342.37,50.31,2367.54,2024-10
00025,Junior,1765.3,373.95,570.47,1391.35,0.0,1391.35,105.49,2441.26,2024-11
00025,Junior,1759.04,326.51,583.55,1432.53,0.0,1432.53,90.4,2432.99,2024-12
00026,Junior,1494.45,298.0,429.26,1196.45,0.0,1196.45,111.35,2035.06,2023-01
00026,Junior,1527.28,365.43,382.77,1161.85,0.0,1161.85,35.61,1945.66,2023-02
00026,Junior,1552.94,340.96,453.98,1211.99,0.0,1211.99,18.04,2024.96,2023-03
00026,Junior,1525.37,347.04,589.96,1178.34,0.0,1178.34,103.6,2218.93,2023-04
00026,Junior,1533.27,283.93,624.3,1249.34,0.0,1249.34,107.9,2265.47,2023-05
00026,Junior,1539.07,348.17,608.72,1190.9,0.0,1190.9,30.09,2177.88,2023-06
00026,Junior,1515.62,302.97,617.02,1212.65,0.0,1212.65,90.93,2223.57,2023-07
00026,Junior,1536.7,359.0,623.12,1177.71,0.0,1177.71,32.99,2192.81,2023-08
00026,Junior,1551.8,314.74,503.99,1237.07,0.0,1237.07,4.71,2060.51,2023-09
00026,Junior,1530.77,296.47,594.14,1234.3,0.0,1234.3,118.63,2243.53,2023-10
00026,Junior,1559.44,298.62,629.63,1260.82,0.0,1260.82,27.48,2216.54,2023-11
00026,Junior,1549.87,283.19,624.96,1266.68,0.0,1266.68,65.69,2240.53,2023-12
00026,Junior,1563.52,365.23,413.61,1198.29,0.0,1198.29,97.0,2074.14,2024-01
00026,Junior,1572.15,333.09,546.62,1239.06,0.0,1239.06,132.96,2251.73,2024-02
00026,Junior,1768.93,329.06,661.73,1439.87,0.0,1439.87,7.06,2437.72,2024-03
00026,Junior,1748.9,404.48,464.76,1344.43,0.0,1344.43,107.82,2321.48,2024-04
00026,Junior,1707.89,326.8,550.45,1381.09,0.0,1381.09,76.31,2334.66,2024-05
00026,Junior,1715.12,316.41,679.01,1398.71,0.0,1398.71,1.04,2395.17,2024-06
00026,Junior,1747.69,363.51,652.0,1384.18,0.0,1384.18,82.4,2482.1,2024-07
00026,Junior,1747.29,334.65,442.66,1412.64,0.0,1412.64,84.46,2274.4,2024-08
00026,Junior,1765.52,399.3,537.94,1366.21,0.0,1366.21,37.04,2340.5,2024-09
00026,Junior,1769.48,386.72,486.67,1382.77,0.0,1382.77,118.16,2374.32,2024-10
00026,Junior,1767.98,378.32,478.24,1389.66,0.0,1389.66,47.83,2294.05,2024-11
00026,Junior,1751.83,359.77,486.16,1392.06,0.0,1392.06,138.51,2376.5,2024-12
00027,Junior,1912.12,440.73,760.16,1471.39,0.0,1471.39,8.53,2680.81,2023-01
00027,Junior,1912.95,409.38,602.83,1503.57,75.52,1428.05,103.18,2618.96,2023-02
00027,Junior,1931.72,408.81,529.86,1522.91,90.69,1432.22,128.42,2590.01,2023-03
00027,Junior,1928.36,433.89,691.03,1494.47,0.0,1494.47,88.56,2707.95,2023-04
00027,Junior,1914.43,352.8,787.31,1561.63,56.39,1505.24,39.96,2741.7,2023-05
00027,Junior,1954.62,435.34,785.02,1519.28,99.12,1420.16,83.08,2822.72,2023-06
00027,Junior,1956.45,438.97,694.68,1517.48,97.91,1419.57,44.02,2695.15,2023-07
00027,Junior,1969.68,355.51,599.06,1614.17,111.54,1502.62,46.17,2614.91,2023-08
00027,Junior,1965.14,396.86,525.61,1568.28,106.47,1461.8,142.56,2633.3,2023-09
00027,Junior,1985.21,434.3,690.15,1550.9,97.79,1453.12,88.84,2764.2,2023-10
00027,Junior,1960.86,442.46,762.98,1518.4,90.76,1427.64,91.52,2815.36,2023-11
00027,Junior,1945.34,428.21,774.56,1517.14,58.07,1459.07,103.71,2823.61,2023-12
00027,Junior,1915.12,428.98,496.99,1486.14,0.0,1486.14,26.14,2438.26,2024-01
00027,Junior,1924.75,401.75,513.36,1523.0,86.24,1436.76,0.5,2438.61,2024-02
00027,Junior,1913.2,388.51,708.0,1524.69,71.61,1453.08,41.57,2662.77,2024-03
00027,Junior,1935.72,454.88,628.15,1480.84,0.0,1480.84,15.99,2579.85,2024-04
00027,Junior,1928.07,386.3,735.36,1541.77,75.51,1466.26,139.24,2802.66,2024-05
00027,Junior,1940.04,439.36,612.37,1500.68,63.97,1436.71,104.38,2656.79,2024-06
00027,Junior,1924.07,458.79,663.0,1465.27,0.0,1465.27,16.4,2603.46,2024-07
00027,Junior,1932.6,349.44,592.93,1583.16,64.11,1519.05,147.86,2673.4,2024-08
00027,Junior,1918.9,354.85,675.94,1564.05,87.59,1476.46,70.72,2665.56,2024-09
00027,Junior,1933.37,386.93,664.51,1546.44,55.89,1490.54,109.79,2707.67,2024-10
00027,Junior,1915.24,440.75,729.6,1474.5,0.0,1474.5,63.38,2708.23,2024-11
00027,Junior,1897.81,436.27,664.83,1461.54,0.0,1461.54,105.86,2668.5,2024-12
00028,Junior,1495.81,324.18,445.85,1171.64,0.0,1171.64,57.58,1999.25,2023-01
00028,Junior,1507.39,316.62,629.58,1190.76,0.0,1190.76,65.73,2202.69,2023-02
00028,Junior,1535.69,345.64,464.58,1190.05,0.0,1190.05,87.65,2087.93,2023-03
00028,Junior,1532.34,331.66,512.55,1200.68,0.0,1200.68,64.05,2108.94,2023-04
00028,Junior,1566.96,334.28,619.22,1232.68,0.0,1232.68,16.57,2202.75,2023-05
00028,Junior,1572.75,302.61,581.11,1270.14,0.0,1270.14,28.62,2182.48,2023-06
00028,Junior,1578.2,301.99,638.21,1276.21,0.0,1276.21,14.46,2230.87,2023-07
00028,Junior,1601.7,308.28,635.78,1293.42,0.0,1293.42,139.03,2376.52,2023-08
00028,Junior,1635.59,343.52,477.36,1292.06,0.0,1292.06,43.75,2156.7,2023-09
00028,Junior,1670.44,312.59,523.61,1357.85,0.0,1357.85,53.46,2247.51,2023-10
00028,Junior,1649.99,364.17,486.4,1285.82,0.0,1285.82,86.03,2222.42,2023-11
00028,Junior,1672.28,357.92,697.73,1314.36,0.0,1314.36,66.81,2436.81,2023-12
00028,Junior,1696.49,343.35,517.19,1353.14,0.0,1353.14,124.96,2338.64,2024-01
00028,Junior,1679.32,393.64,420.66,1285.68,0.0,1285.68,99.47,2199.45,2024-02
00028,Junior,1672.47,330.14,664.82,1342.34,0.0,1342.34,101.52,2438.82,2024-03
00028,Junior,1646.45,316.79,530.85,1329.66,0.0,1329.66,103.45,2280.75,2024-04
00028,Junior,1666.74,334.87,600.05,1331.88,0.0,1331.88,53.0,2319.79,2024-05
00028,Junior,1706.77,332.07,452.58,1374.7,0.0,1374.7,28.46,2187.82,2024-06
00028,Junior,1680.51,345.66,613.69,1334.85,0.0,1334.85,84.05,2378.25,2024-07
00028,Junior,1715.08,309.48,487.97,1405.6,0.0,1405.6,24.42,2227.47,2024-08
00028,Junior,1724.71,341.59,632.76,1383.12,0.0,1383.12,127.98,2485.44,2024-09
00028,Junior,1694.34,343.8,448.5,1350.54,0.0,1350.54,142.06,2284.89,2024-10
00028,Junior,1711.58,348.91,512.66,1362.67,0.0,1362.67,23.4,2247.64,2024-11
00028,Junior,1701.86,375.47,598.49,1326.39,0.0,1326.39,129.86,2430.21,2024-12
00029,Junior,1264.83,284.61,518.76,980.22,0.0,980.22,95.65,1879.24,2023-01
00029,Junior,1264.68,235.72,375.39,1028.96,0.0,1028.96,19.2,1659.26,2023-02
00029,Junior,1288.03,246.93,370.07,1041.09,0.0,1041.09,58.85,1716.95,2023-03
00029,Junior,1283.31,236.35,537.82,1046.96,0.0,1046.96,24.13,1845.26,2023-04
00029,Junior,1302.16,311.29,481.08,990.87,0.0,990.87,94.42,1877.67,2023-05
00029,Junior,1303.56,274.77,511.82,1028.79,0.0,1028.79,135.31,1950.69,2023-06
00029,Junior,1462.52,279.69,411.95,1182.83,0.0,1182.83,113.41,1987.89,2023-07
00029,Junior,1588.75,348.52,495.15,1240.23,0.0,1240.23,101.3,2185.2,2023-08
00029,Junior,1574.1,293.93,403.68,1280.16,0.0,1280.16,75.73,2053.5,2023-09
00029,Junior,1552.88,299.81,612.97,1253.07,0.0,1253.07,89.19,2255.03,2023-10
00029,Junior,1583.2,339.9,448.94,1243.29,0.0,1243.29,28.19,2060.33,2023-11
00029,Junior,1566.53,309.81,429.15,1256.72,0.0,1256.72,50.16,2045.84,2023-12
00029,Junior,1526.2,357.69,628.55,1168.51,0.0,1168.51,66.6,2221.35,2024-01
00029,Junior,1695.37,367.92,481.05,1327.45,0.0,1327.45,78.84,2255.25,2024-02
00029,Junior,1699.88,394.23,471.69,1305.65,0.0,1305.65,15.98,2187.54,2024-03
00029,Junior,1706.03,388.21,657.02,1317.82,0.0,1317.82,6.5,2369.55,2024-04
00029,Junior,1688.6,371.82,637.21,1316.77,0.0,1316.77,117.78,2443.59,2024-05
00029,Junior,1714.34,375.21,699.94,1339.13,0.0,1339.13,16.52,2430.81,2024-06
00029,Junior,1703.24,317.42,469.2,1385.82,0.0,1385.82,39.2,2211.63,2024-07
00029,Junior,1683.42,340.47,669.52,1342.95,0.0,1342.95,25.21,2378.15,2024-08
00029,Junior,1677.7,378.43,584.79,1299.27,0.0,1299.27,1.25,2263.74,2024-09
00029,Junior,1681.09,381.84,529.53,1299.25,0.0,1299.25,117.88,2328.51,2024-10
00029,Junior,1707.1,322.7,491.73,1384.41,0.0,1384.41,138.18,2337.01,2024-11
00029,Junior,1704.42,373.33,592.68,1331.09,0.0,1331.09,131.01,2428.11,2024-12
00030,Junior,1361.81,294.98,398.39,1066.83,0.0,1066.83,84.73,1844.93,2023-01
00030,Junior,1356.33,300.02,350.74,1056.31,0.0,1056.31,14.35,1721.42,2023-02
00030,Junior,1363.25,247.23,565.13,1116.03,0.0,1116.03,34.68,1963.06,2023-03
00030,Junior,1381.54,306.2,468.04,1075.34,0.0,1075.34,82.95,1932.53,2023-04
00030,Junior,1384.29,322.63,353.86,1061.67,0.0,1061.67,83.0,1821.15,2023-05
00030,Junior,1396.26,332.58,550.6,1063.67,0.0,1063.67,52.02,1998.87,2023-06
00030,Junior,1376.83,263.32,470.78,1113.51,0.0,1113.51,74.73,1922.35,2023-07
00030,Junior,1377.25,324.35,352.84,1052.9,0.0,1052.9,8.35,1738.44,2023-08
00030,Junior,1404.18,284.03,364.23,1120.15,0.0,1120.15,14.85,1783.26,2023-09
00030,Junior,1391.8,271.95,431.94,1119.84,0.0,1119.84,89.69,1913.43,2023-10
00030,Junior,1401.14,326.35,576.65,1074.79,0.0,1074.79,64.36,2042.15,2023-11
00030,Junior,1412.39,291.09,476.6,1121.3,0.0,1121.3,21.84,1910.84,2023-12
00030,Junior,1422.16,317.03,425.47,1105.13,0.0,1105.13,14.11,1861.74,2024-01
00030,Junior,1424.3,319.79,410.8,1104.51,0.0,1104.51,74.53,1909.63,2024-02
00030,Junior,1431.94,262.56,472.8,1169.38,0.0,1169.38,80.19,1984.94,2024-03
00030,Junior,1451.07,344.03,390.96,1107.04,0.0,1107.04,98.86,1940.89,2024-04
00030,Junior,1469.77,331.13,551.09,1138.64,0.0,1138.64,15.35,2036.22,2024-05
00030,Junior,1490.47,282.25,476.0,1208.22,0.0,1208.22,65.19,2031.65,2024-06
00030,Junior,1487.75,297.91,482.66,1189.84,0.0,1189.84,59.59,2030.0,2024-07
00030,Junior,1489.66,307.84,410.84,1181.82,0.0,1181.82,99.29,1999.79,2024-08
00030,Junior,1509.48,284.93,631.61,1224.55,0.0,1224.55,23.0,2164.09,2024-09
00030,Junior,1516.7,338.28,399.22,1178.42,0.0,1178.42,132.12,2048.03,2024-10
00030,Junior,1497.39,346.37,446.58,1151.02,0.0,1151.02,63.03,2006.99,2024-11
00030,Junior,1503.51,360.18,570.78,1143.33,0.0,1143.33,27.18,2101.47,2024-12
